{
    "systemLocations": [
        {
            "properties": {
                "__categories": [
                    {
                        "expanded": true,
                        "id": "System Location Properties",
                        "visible": true
                    }
                ],
                "__groups": [
                ],
                "capacity": {
                    "enabled": true,
                    "type": "integer",
                    "value": 1048576,
                    "visible": true
                },
                "id": {
                    "enabled": true,
                    "type": "uuid",
                    "value": "{10d4b273-99ea-416e-91ea-2bc9c2b94565}",
                    "visible": true
                },
                "name": {
                    "enabled": true,
                    "type": "text",
                    "value": "Internal Flash",
                    "visible": true
                }
            }
        },
        {
            "properties": {
                "__categories": [
                    {
                        "expanded": true,
                        "id": "System Location Properties",
                        "visible": true
                    }
                ],
                "__groups": [
                ],
                "capacity": {
                    "enabled": true,
                    "type": "integer",
                    "value": 262144,
                    "visible": true
                },
                "id": {
                    "enabled": true,
                    "type": "uuid",
                    "value": "{7b6916ec-4f43-4ae6-be17-a10090bf0ad5}",
                    "visible": true
                },
                "name": {
                    "enabled": true,
                    "type": "text",
                    "value": "Internal SRAM",
                    "visible": true
                }
            }
        }
    ],
    "userLocations": [
        {
            "properties": {
                "__categories": [
                    {
                        "expanded": true,
                        "id": "User Location Properties",
                        "visible": true
                    }
                ],
                "__groups": [
                ],
                "accessMode": {
                    "enabled": true,
                    "type": "combo",
                    "value": 0,
                    "visible": true
                },
                "capacity": {
                    "enabled": true,
                    "type": "integer",
                    "value": 8388608,
                    "visible": true
                },
                "id": {
                    "enabled": true,
                    "type": "uuid",
                    "value": "{ab978538-41cc-419c-8df9-3fedf68cd108}",
                    "visible": true
                },
                "logicalStartingAddress": {
                    "enabled": true,
                    "type": "hex",
                    "value": 0,
                    "visible": false
                },
                "memorymapped": {
                    "enabled": true,
                    "type": "boolean",
                    "value": false,
                    "visible": true
                },
                "name": {
                    "enabled": true,
                    "type": "text",
                    "value": "SDCard",
                    "visible": true
                },
                "outputFileName": {
                    "enabled": true,
                    "type": "text",
                    "value": "SDCardAssets",
                    "visible": true
                },
                "outputFileType": {
                    "enabled": true,
                    "type": "combo",
                    "value": 2,
                    "visible": true
                },
                "startingAddress": {
                    "enabled": true,
                    "type": "hex",
                    "value": 0,
                    "visible": false
                },
                "useLogicalAddress": {
                    "enabled": true,
                    "type": "boolean",
                    "value": false,
                    "visible": true
                },
                "writeAlignment": {
                    "enabled": true,
                    "type": "combo",
                    "value": 1,
                    "visible": false
                },
                "writeStartingAddress": {
                    "enabled": true,
                    "type": "hex",
                    "value": 0,
                    "visible": false
                }
            },
            "reservedBlocks": [
            ]
        }
    ]
}
