{
    "bindings": [
        {
            "font": "{1ed75a68-5dfb-4e4e-a3c8-cbf049187086}",
            "language": "{c11650df-7454-4017-b1d8-8764fadc1db9}",
            "string": "{270edf0f-0ebf-4a21-9663-d27173776cc9}"
        },
        {
            "font": "{40a20d0c-61c8-4386-b3a9-36de525e5f22}",
            "language": "{c11650df-7454-4017-b1d8-8764fadc1db9}",
            "string": "{02b7f3d7-4925-43bd-a8e1-12ad176cbdb8}"
        },
        {
            "font": "{40a20d0c-61c8-4386-b3a9-36de525e5f22}",
            "language": "{c11650df-7454-4017-b1d8-8764fadc1db9}",
            "string": "{272e9d26-bbfd-45c2-9741-a8c84f00b5fe}"
        },
        {
            "font": "{40a20d0c-61c8-4386-b3a9-36de525e5f22}",
            "language": "{c11650df-7454-4017-b1d8-8764fadc1db9}",
            "string": "{3170f895-70c4-4931-aca5-bc234337d11e}"
        },
        {
            "font": "{40a20d0c-61c8-4386-b3a9-36de525e5f22}",
            "language": "{c11650df-7454-4017-b1d8-8764fadc1db9}",
            "string": "{54fdc339-e807-43ce-ba53-b0eb19b77bd9}"
        },
        {
            "font": "{40a20d0c-61c8-4386-b3a9-36de525e5f22}",
            "language": "{c11650df-7454-4017-b1d8-8764fadc1db9}",
            "string": "{65b2bb46-130b-4fc3-b23d-70c3c1e879c1}"
        },
        {
            "font": "{c0bde285-6fdb-4cd3-8e28-2f80e4a28130}",
            "language": "{c11650df-7454-4017-b1d8-8764fadc1db9}",
            "string": "{04941b45-8c85-4a69-b440-dcb71775c0f7}"
        },
        {
            "font": "{63e93af1-ec03-4e15-a522-d3b8af055a4a}",
            "language": "{c11650df-7454-4017-b1d8-8764fadc1db9}",
            "string": "{04ca3e70-72df-4655-9d36-548355eddc1c}"
        },
        {
            "font": "{63e93af1-ec03-4e15-a522-d3b8af055a4a}",
            "language": "{c11650df-7454-4017-b1d8-8764fadc1db9}",
            "string": "{29a5781c-747a-4164-b659-2295d4bb6d31}"
        },
        {
            "font": "{63e93af1-ec03-4e15-a522-d3b8af055a4a}",
            "language": "{c11650df-7454-4017-b1d8-8764fadc1db9}",
            "string": "{312ab951-b34d-46f6-aeeb-63c5ddfa09b6}"
        },
        {
            "font": "{b3692c82-863f-46c0-bead-3430a7f15499}",
            "language": "{c11650df-7454-4017-b1d8-8764fadc1db9}",
            "string": "{23355050-2f3a-4ace-8526-e604ef75196e}"
        },
        {
            "font": "{00c37bf5-54d8-4a4b-bdc6-cd45a6282535}",
            "language": "{c11650df-7454-4017-b1d8-8764fadc1db9}",
            "string": "{2a5f7797-4cec-4532-9334-711e652dc8d0}"
        },
        {
            "font": "{c0bde285-6fdb-4cd3-8e28-2f80e4a28130}",
            "language": "{c11650df-7454-4017-b1d8-8764fadc1db9}",
            "string": "{2d04a88a-7a36-4b98-9729-1e7efa272b7e}"
        },
        {
            "font": "{00c37bf5-54d8-4a4b-bdc6-cd45a6282535}",
            "language": "{c11650df-7454-4017-b1d8-8764fadc1db9}",
            "string": "{43122ce3-a171-4539-868c-0b0027ff2e87}"
        },
        {
            "font": "{1ed75a68-5dfb-4e4e-a3c8-cbf049187086}",
            "language": "{c11650df-7454-4017-b1d8-8764fadc1db9}",
            "string": "{4345cbb1-0a7d-49f0-a022-64b4ad321c24}"
        },
        {
            "font": "{63e93af1-ec03-4e15-a522-d3b8af055a4a}",
            "language": "{c11650df-7454-4017-b1d8-8764fadc1db9}",
            "string": "{53a4806c-082e-4d6c-9376-a42fae055f11}"
        },
        {
            "font": "{63e93af1-ec03-4e15-a522-d3b8af055a4a}",
            "language": "{c11650df-7454-4017-b1d8-8764fadc1db9}",
            "string": "{5d32e30b-487f-48a5-98c9-711d194e70a5}"
        },
        {
            "font": "{00c37bf5-54d8-4a4b-bdc6-cd45a6282535}",
            "language": "{c11650df-7454-4017-b1d8-8764fadc1db9}",
            "string": "{6221b475-b299-40ca-bf64-5db45d28ff59}"
        },
        {
            "font": "{b3692c82-863f-46c0-bead-3430a7f15499}",
            "language": "{c11650df-7454-4017-b1d8-8764fadc1db9}",
            "string": "{69916bd4-d7ff-4564-a409-0932ded07e5d}"
        },
        {
            "font": "{00c37bf5-54d8-4a4b-bdc6-cd45a6282535}",
            "language": "{c11650df-7454-4017-b1d8-8764fadc1db9}",
            "string": "{86de1c04-3f5c-47a7-b9c2-9149ba582495}"
        },
        {
            "font": "{00c37bf5-54d8-4a4b-bdc6-cd45a6282535}",
            "language": "{c11650df-7454-4017-b1d8-8764fadc1db9}",
            "string": "{8f52841d-c3e3-46a9-90b1-79e2db58930b}"
        },
        {
            "font": "{00c37bf5-54d8-4a4b-bdc6-cd45a6282535}",
            "language": "{c11650df-7454-4017-b1d8-8764fadc1db9}",
            "string": "{90263c30-f042-4899-87f4-5f374b479059}"
        },
        {
            "font": "{40a20d0c-61c8-4386-b3a9-36de525e5f22}",
            "language": "{c11650df-7454-4017-b1d8-8764fadc1db9}",
            "string": "{c2ce5d62-1dcb-4b86-8020-f05697d8cbd5}"
        },
        {
            "font": "{40a20d0c-61c8-4386-b3a9-36de525e5f22}",
            "language": "{c11650df-7454-4017-b1d8-8764fadc1db9}",
            "string": "{c54d6dbb-64a6-40d3-8d61-998528629644}"
        },
        {
            "font": "{40a20d0c-61c8-4386-b3a9-36de525e5f22}",
            "language": "{c11650df-7454-4017-b1d8-8764fadc1db9}",
            "string": "{fbc8223b-1a44-48ad-bb50-094d79625fcf}"
        },
        {
            "font": "{b3692c82-863f-46c0-bead-3430a7f15499}",
            "language": "{c11650df-7454-4017-b1d8-8764fadc1db9}",
            "string": "{92f3659a-f65d-43af-ae12-33565d07c70c}"
        },
        {
            "font": "{b3692c82-863f-46c0-bead-3430a7f15499}",
            "language": "{c11650df-7454-4017-b1d8-8764fadc1db9}",
            "string": "{a821aaf4-e756-4eae-84f3-8549fe462e1f}"
        },
        {
            "font": "{b3692c82-863f-46c0-bead-3430a7f15499}",
            "language": "{c11650df-7454-4017-b1d8-8764fadc1db9}",
            "string": "{b593fc61-3cfe-4205-b88f-15f1b6931856}"
        },
        {
            "font": "{00c37bf5-54d8-4a4b-bdc6-cd45a6282535}",
            "language": "{c11650df-7454-4017-b1d8-8764fadc1db9}",
            "string": "{bf25b2b4-7e58-4259-ae37-ae892cd45750}"
        },
        {
            "font": "{00c37bf5-54d8-4a4b-bdc6-cd45a6282535}",
            "language": "{c11650df-7454-4017-b1d8-8764fadc1db9}",
            "string": "{bf55fbf2-ec4a-4860-a1ed-556c968f7c13}"
        },
        {
            "font": "{b3692c82-863f-46c0-bead-3430a7f15499}",
            "language": "{c11650df-7454-4017-b1d8-8764fadc1db9}",
            "string": "{c0e4a651-d093-41b9-9461-8445e2827956}"
        },
        {
            "font": "{c0bde285-6fdb-4cd3-8e28-2f80e4a28130}",
            "language": "{c11650df-7454-4017-b1d8-8764fadc1db9}",
            "string": "{c5432e19-eb7c-4ed1-9de4-31f2cf9ca9ec}"
        },
        {
            "font": "{00c37bf5-54d8-4a4b-bdc6-cd45a6282535}",
            "language": "{c11650df-7454-4017-b1d8-8764fadc1db9}",
            "string": "{d981977e-261d-4370-ab8b-076a74ff2e56}"
        },
        {
            "font": "{c0bde285-6fdb-4cd3-8e28-2f80e4a28130}",
            "language": "{c11650df-7454-4017-b1d8-8764fadc1db9}",
            "string": "{e00689bc-9b27-4ac0-849a-103d28b3f343}"
        },
        {
            "font": "{80399fd7-9aae-4128-bea9-024d0c56fefd}",
            "language": "{c11650df-7454-4017-b1d8-8764fadc1db9}",
            "string": "{e4fd2cad-026b-4a09-aac7-11524591ff01}"
        },
        {
            "font": "{00c37bf5-54d8-4a4b-bdc6-cd45a6282535}",
            "language": "{c11650df-7454-4017-b1d8-8764fadc1db9}",
            "string": "{ecb26ff6-a16e-46b5-b784-a6f4da474233}"
        }
    ],
    "defaultLanguage": "{c11650df-7454-4017-b1d8-8764fadc1db9}",
    "encoding": "ASCII",
    "languages": [
        {
            "properties": {
                "__categories": [
                ],
                "__groups": [
                ],
                "enabled": {
                    "enabled": true,
                    "type": "boolean",
                    "value": true,
                    "visible": true
                },
                "id": {
                    "enabled": true,
                    "type": "uuid",
                    "value": "{c11650df-7454-4017-b1d8-8764fadc1db9}",
                    "visible": true
                },
                "name": {
                    "enabled": true,
                    "type": "text",
                    "value": "Default",
                    "visible": true
                }
            }
        }
    ],
    "paths": [
    ],
    "strings": [
        {
            "properties": {
                "__categories": [
                ],
                "__groups": [
                ],
                "description": {
                    "enabled": true,
                    "type": "text",
                    "value": "",
                    "visible": true
                },
                "id": {
                    "enabled": true,
                    "type": "uuid",
                    "value": "{02b7f3d7-4925-43bd-a8e1-12ad176cbdb8}",
                    "visible": true
                },
                "name": {
                    "enabled": true,
                    "type": "text",
                    "value": "TempSensor",
                    "visible": true
                },
                "path": {
                    "enabled": true,
                    "type": "text",
                    "value": "/",
                    "visible": true
                }
            },
            "values": [
                {
                    "language": "{c11650df-7454-4017-b1d8-8764fadc1db9}",
                    "value": "Temperature (C)"
                }
            ]
        },
        {
            "properties": {
                "__categories": [
                ],
                "__groups": [
                ],
                "description": {
                    "enabled": true,
                    "type": "text",
                    "value": "",
                    "visible": true
                },
                "id": {
                    "enabled": true,
                    "type": "uuid",
                    "value": "{04941b45-8c85-4a69-b440-dcb71775c0f7}",
                    "visible": true
                },
                "name": {
                    "enabled": true,
                    "type": "text",
                    "value": "DefaultTemp",
                    "visible": true
                },
                "path": {
                    "enabled": true,
                    "type": "text",
                    "value": "/",
                    "visible": true
                }
            },
            "values": [
                {
                    "language": "{c11650df-7454-4017-b1d8-8764fadc1db9}",
                    "value": "40°"
                }
            ]
        },
        {
            "properties": {
                "__categories": [
                ],
                "__groups": [
                ],
                "description": {
                    "enabled": true,
                    "type": "text",
                    "value": "",
                    "visible": true
                },
                "id": {
                    "enabled": true,
                    "type": "uuid",
                    "value": "{04ca3e70-72df-4655-9d36-548355eddc1c}",
                    "visible": true
                },
                "name": {
                    "enabled": true,
                    "type": "text",
                    "value": "ConnectedString",
                    "visible": true
                },
                "path": {
                    "enabled": true,
                    "type": "text",
                    "value": "/",
                    "visible": true
                }
            },
            "values": [
                {
                    "language": "{c11650df-7454-4017-b1d8-8764fadc1db9}",
                    "value": "Connected"
                }
            ]
        },
        {
            "properties": {
                "__categories": [
                ],
                "__groups": [
                ],
                "description": {
                    "enabled": true,
                    "type": "text",
                    "value": "",
                    "visible": true
                },
                "id": {
                    "enabled": true,
                    "type": "uuid",
                    "value": "{23355050-2f3a-4ace-8526-e604ef75196e}",
                    "visible": true
                },
                "name": {
                    "enabled": true,
                    "type": "text",
                    "value": "HomeString",
                    "visible": true
                },
                "path": {
                    "enabled": true,
                    "type": "text",
                    "value": "/",
                    "visible": true
                }
            },
            "values": [
                {
                    "language": "{c11650df-7454-4017-b1d8-8764fadc1db9}",
                    "value": "Home"
                }
            ]
        },
        {
            "properties": {
                "__categories": [
                ],
                "__groups": [
                ],
                "description": {
                    "enabled": true,
                    "type": "text",
                    "value": "",
                    "visible": true
                },
                "id": {
                    "enabled": true,
                    "type": "uuid",
                    "value": "{270edf0f-0ebf-4a21-9663-d27173776cc9}",
                    "visible": true
                },
                "name": {
                    "enabled": true,
                    "type": "text",
                    "value": "DeviceAString",
                    "visible": true
                },
                "path": {
                    "enabled": true,
                    "type": "text",
                    "value": "/",
                    "visible": true
                }
            },
            "values": [
                {
                    "language": "{c11650df-7454-4017-b1d8-8764fadc1db9}",
                    "value": "A"
                }
            ]
        },
        {
            "properties": {
                "__categories": [
                ],
                "__groups": [
                ],
                "description": {
                    "enabled": true,
                    "type": "text",
                    "value": "",
                    "visible": true
                },
                "id": {
                    "enabled": true,
                    "type": "uuid",
                    "value": "{272e9d26-bbfd-45c2-9741-a8c84f00b5fe}",
                    "visible": true
                },
                "name": {
                    "enabled": true,
                    "type": "text",
                    "value": "DeviceA",
                    "visible": true
                },
                "path": {
                    "enabled": true,
                    "type": "text",
                    "value": "/",
                    "visible": true
                }
            },
            "values": [
                {
                    "language": "{c11650df-7454-4017-b1d8-8764fadc1db9}",
                    "value": "A"
                }
            ]
        },
        {
            "properties": {
                "__categories": [
                ],
                "__groups": [
                ],
                "description": {
                    "enabled": true,
                    "type": "text",
                    "value": "",
                    "visible": true
                },
                "id": {
                    "enabled": true,
                    "type": "uuid",
                    "value": "{29a5781c-747a-4164-b659-2295d4bb6d31}",
                    "visible": true
                },
                "name": {
                    "enabled": true,
                    "type": "text",
                    "value": "WaitString",
                    "visible": true
                },
                "path": {
                    "enabled": true,
                    "type": "text",
                    "value": "/",
                    "visible": true
                }
            },
            "values": [
                {
                    "language": "{c11650df-7454-4017-b1d8-8764fadc1db9}",
                    "value": "Wait"
                }
            ]
        },
        {
            "properties": {
                "__categories": [
                ],
                "__groups": [
                ],
                "description": {
                    "enabled": true,
                    "type": "text",
                    "value": "",
                    "visible": true
                },
                "id": {
                    "enabled": true,
                    "type": "uuid",
                    "value": "{2a5f7797-4cec-4532-9334-711e652dc8d0}",
                    "visible": true
                },
                "name": {
                    "enabled": true,
                    "type": "text",
                    "value": "InterfaceStr",
                    "visible": true
                },
                "path": {
                    "enabled": true,
                    "type": "text",
                    "value": "/",
                    "visible": true
                }
            },
            "values": [
                {
                    "language": "{c11650df-7454-4017-b1d8-8764fadc1db9}",
                    "value": "Interface : "
                }
            ]
        },
        {
            "properties": {
                "__categories": [
                ],
                "__groups": [
                ],
                "description": {
                    "enabled": true,
                    "type": "text",
                    "value": "",
                    "visible": true
                },
                "id": {
                    "enabled": true,
                    "type": "uuid",
                    "value": "{2d04a88a-7a36-4b98-9729-1e7efa272b7e}",
                    "visible": true
                },
                "name": {
                    "enabled": true,
                    "type": "text",
                    "value": "DeviceInfo",
                    "visible": true
                },
                "path": {
                    "enabled": true,
                    "type": "text",
                    "value": "/",
                    "visible": true
                }
            },
            "values": [
                {
                    "language": "{c11650df-7454-4017-b1d8-8764fadc1db9}",
                    "value": "Device Info"
                }
            ]
        },
        {
            "properties": {
                "__categories": [
                ],
                "__groups": [
                ],
                "description": {
                    "enabled": true,
                    "type": "text",
                    "value": "",
                    "visible": true
                },
                "id": {
                    "enabled": true,
                    "type": "uuid",
                    "value": "{312ab951-b34d-46f6-aeeb-63c5ddfa09b6}",
                    "visible": true
                },
                "name": {
                    "enabled": true,
                    "type": "text",
                    "value": "ConnectingString",
                    "visible": true
                },
                "path": {
                    "enabled": true,
                    "type": "text",
                    "value": "/",
                    "visible": true
                }
            },
            "values": [
                {
                    "language": "{c11650df-7454-4017-b1d8-8764fadc1db9}",
                    "value": "Connecting"
                }
            ]
        },
        {
            "properties": {
                "__categories": [
                ],
                "__groups": [
                ],
                "description": {
                    "enabled": true,
                    "type": "text",
                    "value": "",
                    "visible": true
                },
                "id": {
                    "enabled": true,
                    "type": "uuid",
                    "value": "{3170f895-70c4-4931-aca5-bc234337d11e}",
                    "visible": true
                },
                "name": {
                    "enabled": true,
                    "type": "text",
                    "value": "DemoName",
                    "visible": true
                },
                "path": {
                    "enabled": true,
                    "type": "text",
                    "value": "/",
                    "visible": true
                }
            },
            "values": [
                {
                    "language": "{c11650df-7454-4017-b1d8-8764fadc1db9}",
                    "value": "Bluetooth Low Energy Gateway Demonstration"
                }
            ]
        },
        {
            "properties": {
                "__categories": [
                ],
                "__groups": [
                ],
                "description": {
                    "enabled": true,
                    "type": "text",
                    "value": "",
                    "visible": true
                },
                "id": {
                    "enabled": true,
                    "type": "uuid",
                    "value": "{43122ce3-a171-4539-868c-0b0027ff2e87}",
                    "visible": true
                },
                "name": {
                    "enabled": true,
                    "type": "text",
                    "value": "IntfValueStr",
                    "visible": true
                },
                "path": {
                    "enabled": true,
                    "type": "text",
                    "value": "/",
                    "visible": true
                }
            },
            "values": [
                {
                    "language": "{c11650df-7454-4017-b1d8-8764fadc1db9}",
                    "value": "WINC1510"
                }
            ]
        },
        {
            "properties": {
                "__categories": [
                ],
                "__groups": [
                ],
                "description": {
                    "enabled": true,
                    "type": "text",
                    "value": "",
                    "visible": true
                },
                "id": {
                    "enabled": true,
                    "type": "uuid",
                    "value": "{4345cbb1-0a7d-49f0-a022-64b4ad321c24}",
                    "visible": true
                },
                "name": {
                    "enabled": true,
                    "type": "text",
                    "value": "DeviceBString",
                    "visible": true
                },
                "path": {
                    "enabled": true,
                    "type": "text",
                    "value": "/",
                    "visible": true
                }
            },
            "values": [
                {
                    "language": "{c11650df-7454-4017-b1d8-8764fadc1db9}",
                    "value": "B"
                }
            ]
        },
        {
            "properties": {
                "__categories": [
                ],
                "__groups": [
                ],
                "description": {
                    "enabled": true,
                    "type": "text",
                    "value": "",
                    "visible": true
                },
                "id": {
                    "enabled": true,
                    "type": "uuid",
                    "value": "{53a4806c-082e-4d6c-9376-a42fae055f11}",
                    "visible": true
                },
                "name": {
                    "enabled": true,
                    "type": "text",
                    "value": "FailedString",
                    "visible": true
                },
                "path": {
                    "enabled": true,
                    "type": "text",
                    "value": "/",
                    "visible": true
                }
            },
            "values": [
                {
                    "language": "{c11650df-7454-4017-b1d8-8764fadc1db9}",
                    "value": "Failed"
                }
            ]
        },
        {
            "properties": {
                "__categories": [
                ],
                "__groups": [
                ],
                "description": {
                    "enabled": true,
                    "type": "text",
                    "value": "",
                    "visible": true
                },
                "id": {
                    "enabled": true,
                    "type": "uuid",
                    "value": "{54fdc339-e807-43ce-ba53-b0eb19b77bd9}",
                    "visible": true
                },
                "name": {
                    "enabled": true,
                    "type": "text",
                    "value": "TempUnit",
                    "visible": true
                },
                "path": {
                    "enabled": true,
                    "type": "text",
                    "value": "/",
                    "visible": true
                }
            },
            "values": [
                {
                    "language": "{c11650df-7454-4017-b1d8-8764fadc1db9}",
                    "value": "C"
                }
            ]
        },
        {
            "properties": {
                "__categories": [
                ],
                "__groups": [
                ],
                "description": {
                    "enabled": true,
                    "type": "text",
                    "value": "",
                    "visible": true
                },
                "id": {
                    "enabled": true,
                    "type": "uuid",
                    "value": "{5d32e30b-487f-48a5-98c9-711d194e70a5}",
                    "visible": true
                },
                "name": {
                    "enabled": true,
                    "type": "text",
                    "value": "DisconnectedString",
                    "visible": true
                },
                "path": {
                    "enabled": true,
                    "type": "text",
                    "value": "/",
                    "visible": true
                }
            },
            "values": [
                {
                    "language": "{c11650df-7454-4017-b1d8-8764fadc1db9}",
                    "value": "Disconnected"
                }
            ]
        },
        {
            "properties": {
                "__categories": [
                ],
                "__groups": [
                ],
                "description": {
                    "enabled": true,
                    "type": "text",
                    "value": "",
                    "visible": true
                },
                "id": {
                    "enabled": true,
                    "type": "uuid",
                    "value": "{6221b475-b299-40ca-bf64-5db45d28ff59}",
                    "visible": true
                },
                "name": {
                    "enabled": true,
                    "type": "text",
                    "value": "IPAddrStr",
                    "visible": true
                },
                "path": {
                    "enabled": true,
                    "type": "text",
                    "value": "/",
                    "visible": true
                }
            },
            "values": [
                {
                    "language": "{c11650df-7454-4017-b1d8-8764fadc1db9}",
                    "value": "IP Address:"
                }
            ]
        },
        {
            "properties": {
                "__categories": [
                ],
                "__groups": [
                ],
                "description": {
                    "enabled": true,
                    "type": "text",
                    "value": "",
                    "visible": true
                },
                "id": {
                    "enabled": true,
                    "type": "uuid",
                    "value": "{65b2bb46-130b-4fc3-b23d-70c3c1e879c1}",
                    "visible": true
                },
                "name": {
                    "enabled": true,
                    "type": "text",
                    "value": "DeviceB",
                    "visible": true
                },
                "path": {
                    "enabled": true,
                    "type": "text",
                    "value": "/",
                    "visible": true
                }
            },
            "values": [
                {
                    "language": "{c11650df-7454-4017-b1d8-8764fadc1db9}",
                    "value": "B"
                }
            ]
        },
        {
            "properties": {
                "__categories": [
                ],
                "__groups": [
                ],
                "description": {
                    "enabled": true,
                    "type": "text",
                    "value": "",
                    "visible": true
                },
                "id": {
                    "enabled": true,
                    "type": "uuid",
                    "value": "{69916bd4-d7ff-4564-a409-0932ded07e5d}",
                    "visible": true
                },
                "name": {
                    "enabled": true,
                    "type": "text",
                    "value": "DevicesString",
                    "visible": true
                },
                "path": {
                    "enabled": true,
                    "type": "text",
                    "value": "/",
                    "visible": true
                }
            },
            "values": [
                {
                    "language": "{c11650df-7454-4017-b1d8-8764fadc1db9}",
                    "value": "Devices"
                }
            ]
        },
        {
            "properties": {
                "__categories": [
                ],
                "__groups": [
                ],
                "description": {
                    "enabled": true,
                    "type": "text",
                    "value": "",
                    "visible": true
                },
                "id": {
                    "enabled": true,
                    "type": "uuid",
                    "value": "{86de1c04-3f5c-47a7-b9c2-9149ba582495}",
                    "visible": true
                },
                "name": {
                    "enabled": true,
                    "type": "text",
                    "value": "SSIDStr",
                    "visible": true
                },
                "path": {
                    "enabled": true,
                    "type": "text",
                    "value": "/",
                    "visible": true
                }
            },
            "values": [
                {
                    "language": "{c11650df-7454-4017-b1d8-8764fadc1db9}",
                    "value": "SSID:"
                }
            ]
        },
        {
            "properties": {
                "__categories": [
                ],
                "__groups": [
                ],
                "description": {
                    "enabled": true,
                    "type": "text",
                    "value": "",
                    "visible": true
                },
                "id": {
                    "enabled": true,
                    "type": "uuid",
                    "value": "{8f52841d-c3e3-46a9-90b1-79e2db58930b}",
                    "visible": true
                },
                "name": {
                    "enabled": true,
                    "type": "text",
                    "value": "NetWebURLValue",
                    "visible": true
                },
                "path": {
                    "enabled": true,
                    "type": "text",
                    "value": "/",
                    "visible": true
                }
            },
            "values": [
                {
                    "language": "{c11650df-7454-4017-b1d8-8764fadc1db9}",
                    "value": "https://192.168.1.1"
                }
            ]
        },
        {
            "properties": {
                "__categories": [
                ],
                "__groups": [
                ],
                "description": {
                    "enabled": true,
                    "type": "text",
                    "value": "",
                    "visible": true
                },
                "id": {
                    "enabled": true,
                    "type": "uuid",
                    "value": "{90263c30-f042-4899-87f4-5f374b479059}",
                    "visible": true
                },
                "name": {
                    "enabled": true,
                    "type": "text",
                    "value": "IPAddrValueStr",
                    "visible": true
                },
                "path": {
                    "enabled": true,
                    "type": "text",
                    "value": "/",
                    "visible": true
                }
            },
            "values": [
                {
                    "language": "{c11650df-7454-4017-b1d8-8764fadc1db9}",
                    "value": "192.168.1.1"
                }
            ]
        },
        {
            "properties": {
                "__categories": [
                ],
                "__groups": [
                ],
                "description": {
                    "enabled": true,
                    "type": "text",
                    "value": "",
                    "visible": true
                },
                "id": {
                    "enabled": true,
                    "type": "uuid",
                    "value": "{92f3659a-f65d-43af-ae12-33565d07c70c}",
                    "visible": true
                },
                "name": {
                    "enabled": true,
                    "type": "text",
                    "value": "StartString",
                    "visible": true
                },
                "path": {
                    "enabled": true,
                    "type": "text",
                    "value": "/",
                    "visible": true
                }
            },
            "values": [
                {
                    "language": "{c11650df-7454-4017-b1d8-8764fadc1db9}",
                    "value": "Start"
                }
            ]
        },
        {
            "properties": {
                "__categories": [
                ],
                "__groups": [
                ],
                "description": {
                    "enabled": true,
                    "type": "text",
                    "value": "",
                    "visible": true
                },
                "id": {
                    "enabled": true,
                    "type": "uuid",
                    "value": "{a821aaf4-e756-4eae-84f3-8549fe462e1f}",
                    "visible": true
                },
                "name": {
                    "enabled": true,
                    "type": "text",
                    "value": "ConnectString",
                    "visible": true
                },
                "path": {
                    "enabled": true,
                    "type": "text",
                    "value": "/",
                    "visible": true
                }
            },
            "values": [
                {
                    "language": "{c11650df-7454-4017-b1d8-8764fadc1db9}",
                    "value": "Connect"
                }
            ]
        },
        {
            "properties": {
                "__categories": [
                ],
                "__groups": [
                ],
                "description": {
                    "enabled": true,
                    "type": "text",
                    "value": "",
                    "visible": true
                },
                "id": {
                    "enabled": true,
                    "type": "uuid",
                    "value": "{b593fc61-3cfe-4205-b88f-15f1b6931856}",
                    "visible": true
                },
                "name": {
                    "enabled": true,
                    "type": "text",
                    "value": "ControlString",
                    "visible": true
                },
                "path": {
                    "enabled": true,
                    "type": "text",
                    "value": "/",
                    "visible": true
                }
            },
            "values": [
                {
                    "language": "{c11650df-7454-4017-b1d8-8764fadc1db9}",
                    "value": "Control"
                }
            ]
        },
        {
            "properties": {
                "__categories": [
                ],
                "__groups": [
                ],
                "description": {
                    "enabled": true,
                    "type": "text",
                    "value": "",
                    "visible": true
                },
                "id": {
                    "enabled": true,
                    "type": "uuid",
                    "value": "{bf25b2b4-7e58-4259-ae37-ae892cd45750}",
                    "visible": true
                },
                "name": {
                    "enabled": true,
                    "type": "text",
                    "value": "NetWebURLStr",
                    "visible": true
                },
                "path": {
                    "enabled": true,
                    "type": "text",
                    "value": "/",
                    "visible": true
                }
            },
            "values": [
                {
                    "language": "{c11650df-7454-4017-b1d8-8764fadc1db9}",
                    "value": "Web URL:"
                }
            ]
        },
        {
            "properties": {
                "__categories": [
                ],
                "__groups": [
                ],
                "description": {
                    "enabled": true,
                    "type": "text",
                    "value": "",
                    "visible": true
                },
                "id": {
                    "enabled": true,
                    "type": "uuid",
                    "value": "{bf55fbf2-ec4a-4860-a1ed-556c968f7c13}",
                    "visible": true
                },
                "name": {
                    "enabled": true,
                    "type": "text",
                    "value": "SSIDValueStr",
                    "visible": true
                },
                "path": {
                    "enabled": true,
                    "type": "text",
                    "value": "/",
                    "visible": true
                }
            },
            "values": [
                {
                    "language": "{c11650df-7454-4017-b1d8-8764fadc1db9}",
                    "value": "DEMO_AP"
                }
            ]
        },
        {
            "properties": {
                "__categories": [
                ],
                "__groups": [
                ],
                "description": {
                    "enabled": true,
                    "type": "text",
                    "value": "",
                    "visible": true
                },
                "id": {
                    "enabled": true,
                    "type": "uuid",
                    "value": "{c0e4a651-d093-41b9-9461-8445e2827956}",
                    "visible": true
                },
                "name": {
                    "enabled": true,
                    "type": "text",
                    "value": "SelectDevice",
                    "visible": true
                },
                "path": {
                    "enabled": true,
                    "type": "text",
                    "value": "/",
                    "visible": true
                }
            },
            "values": [
                {
                    "language": "{c11650df-7454-4017-b1d8-8764fadc1db9}",
                    "value": "Select Device"
                }
            ]
        },
        {
            "properties": {
                "__categories": [
                ],
                "__groups": [
                ],
                "description": {
                    "enabled": true,
                    "type": "text",
                    "value": "",
                    "visible": true
                },
                "id": {
                    "enabled": true,
                    "type": "uuid",
                    "value": "{c2ce5d62-1dcb-4b86-8020-f05697d8cbd5}",
                    "visible": true
                },
                "name": {
                    "enabled": true,
                    "type": "text",
                    "value": "ColorChannels",
                    "visible": true
                },
                "path": {
                    "enabled": true,
                    "type": "text",
                    "value": "/",
                    "visible": true
                }
            },
            "values": [
                {
                    "language": "{c11650df-7454-4017-b1d8-8764fadc1db9}",
                    "value": "Color (RGB)"
                }
            ]
        },
        {
            "properties": {
                "__categories": [
                ],
                "__groups": [
                ],
                "description": {
                    "enabled": true,
                    "type": "text",
                    "value": "",
                    "visible": true
                },
                "id": {
                    "enabled": true,
                    "type": "uuid",
                    "value": "{c5432e19-eb7c-4ed1-9de4-31f2cf9ca9ec}",
                    "visible": true
                },
                "name": {
                    "enabled": true,
                    "type": "text",
                    "value": "BLEDeviceInfo",
                    "visible": true
                },
                "path": {
                    "enabled": true,
                    "type": "text",
                    "value": "/",
                    "visible": true
                }
            },
            "values": [
                {
                    "language": "{c11650df-7454-4017-b1d8-8764fadc1db9}",
                    "value": "Bluetooth Info"
                }
            ]
        },
        {
            "properties": {
                "__categories": [
                ],
                "__groups": [
                ],
                "description": {
                    "enabled": true,
                    "type": "text",
                    "value": "",
                    "visible": true
                },
                "id": {
                    "enabled": true,
                    "type": "uuid",
                    "value": "{c54d6dbb-64a6-40d3-8d61-998528629644}",
                    "visible": true
                },
                "name": {
                    "enabled": true,
                    "type": "text",
                    "value": "DeviceC",
                    "visible": true
                },
                "path": {
                    "enabled": true,
                    "type": "text",
                    "value": "/",
                    "visible": true
                }
            },
            "values": [
                {
                    "language": "{c11650df-7454-4017-b1d8-8764fadc1db9}",
                    "value": "C"
                }
            ]
        },
        {
            "properties": {
                "__categories": [
                ],
                "__groups": [
                ],
                "description": {
                    "enabled": true,
                    "type": "text",
                    "value": "",
                    "visible": true
                },
                "id": {
                    "enabled": true,
                    "type": "uuid",
                    "value": "{d981977e-261d-4370-ab8b-076a74ff2e56}",
                    "visible": true
                },
                "name": {
                    "enabled": true,
                    "type": "text",
                    "value": "ZeroValueStr",
                    "visible": true
                },
                "path": {
                    "enabled": true,
                    "type": "text",
                    "value": "/",
                    "visible": true
                }
            },
            "values": [
                {
                    "language": "{c11650df-7454-4017-b1d8-8764fadc1db9}",
                    "value": "0"
                }
            ]
        },
        {
            "properties": {
                "__categories": [
                ],
                "__groups": [
                ],
                "description": {
                    "enabled": true,
                    "type": "text",
                    "value": "",
                    "visible": true
                },
                "id": {
                    "enabled": true,
                    "type": "uuid",
                    "value": "{e00689bc-9b27-4ac0-849a-103d28b3f343}",
                    "visible": true
                },
                "name": {
                    "enabled": true,
                    "type": "text",
                    "value": "WiFiDeviceInfo",
                    "visible": true
                },
                "path": {
                    "enabled": true,
                    "type": "text",
                    "value": "/",
                    "visible": true
                }
            },
            "values": [
                {
                    "language": "{c11650df-7454-4017-b1d8-8764fadc1db9}",
                    "value": "Web Interface Info"
                }
            ]
        },
        {
            "properties": {
                "__categories": [
                ],
                "__groups": [
                ],
                "description": {
                    "enabled": true,
                    "type": "text",
                    "value": "",
                    "visible": true
                },
                "id": {
                    "enabled": true,
                    "type": "uuid",
                    "value": "{e4fd2cad-026b-4a09-aac7-11524591ff01}",
                    "visible": true
                },
                "name": {
                    "enabled": true,
                    "type": "text",
                    "value": "DisconnectString",
                    "visible": true
                },
                "path": {
                    "enabled": true,
                    "type": "text",
                    "value": "/",
                    "visible": true
                }
            },
            "values": [
                {
                    "language": "{c11650df-7454-4017-b1d8-8764fadc1db9}",
                    "value": "Disconnect"
                }
            ]
        },
        {
            "properties": {
                "__categories": [
                ],
                "__groups": [
                ],
                "description": {
                    "enabled": true,
                    "type": "text",
                    "value": "",
                    "visible": true
                },
                "id": {
                    "enabled": true,
                    "type": "uuid",
                    "value": "{ecb26ff6-a16e-46b5-b784-a6f4da474233}",
                    "visible": true
                },
                "name": {
                    "enabled": true,
                    "type": "text",
                    "value": "Connections",
                    "visible": true
                },
                "path": {
                    "enabled": true,
                    "type": "text",
                    "value": "/",
                    "visible": true
                }
            },
            "values": [
                {
                    "language": "{c11650df-7454-4017-b1d8-8764fadc1db9}",
                    "value": "Connections:"
                }
            ]
        },
        {
            "properties": {
                "__categories": [
                ],
                "__groups": [
                ],
                "description": {
                    "enabled": true,
                    "type": "text",
                    "value": "",
                    "visible": true
                },
                "id": {
                    "enabled": true,
                    "type": "uuid",
                    "value": "{fbc8223b-1a44-48ad-bb50-094d79625fcf}",
                    "visible": true
                },
                "name": {
                    "enabled": true,
                    "type": "text",
                    "value": "AllString",
                    "visible": true
                },
                "path": {
                    "enabled": true,
                    "type": "text",
                    "value": "/",
                    "visible": true
                }
            },
            "values": [
                {
                    "language": "{c11650df-7454-4017-b1d8-8764fadc1db9}",
                    "value": "ALL"
                }
            ]
        }
    ]
}
