{
    "fonts": [
        {
            "id": "{c13016bc-a795-47b7-8d4f-a9088320cbef}",
            "name": "NotoSans_Regular"
        },
        {
            "id": "{40a20d0c-61c8-4386-b3a9-36de525e5f22}",
            "name": "TitleFont"
        },
        {
            "id": "{b3692c82-863f-46c0-bead-3430a7f15499}",
            "name": "ButtonFont"
        },
        {
            "id": "{c0bde285-6fdb-4cd3-8e28-2f80e4a28130}",
            "name": "TempFont"
        },
        {
            "id": "{00c37bf5-54d8-4a4b-bdc6-cd45a6282535}",
            "name": "TempUnitFont"
        },
        {
            "id": "{1ed75a68-5dfb-4e4e-a3c8-cbf049187086}",
            "name": "DeviceNameFont"
        },
        {
            "id": "{63e93af1-ec03-4e15-a522-d3b8af055a4a}",
            "name": "NotifFont"
        },
        {
            "id": "{80399fd7-9aae-4128-bea9-024d0c56fefd}",
            "name": "Tiny"
        }
    ],
    "paths": [
    ]
}
