{
    "images": [
        {
            "id": "{5586315b-34b9-491f-b764-6f7588af5132}",
            "name": "ConnectButton_100",
            "type": "RGB"
        },
        {
            "id": "{ec89f80a-3e00-4ad8-b1dd-5b60593f2aa6}",
            "name": "ControlButton_100",
            "type": "RGB"
        },
        {
            "id": "{c487bd85-7acd-4328-af6a-0b6c84194432}",
            "name": "MchpLogo_100",
            "type": "RGB"
        },
        {
            "id": "{60bc6483-5a58-4872-9ae7-3cad2b57a1bc}",
            "name": "BulbOff15",
            "type": "RGB"
        },
        {
            "id": "{f2901d0b-2582-45a9-9212-e773e2c82a73}",
            "name": "BulbOn30",
            "type": "RGB"
        },
        {
            "id": "{df827562-3153-4878-88d8-ac45f7fa84c3}",
            "name": "Knob30",
            "type": "RGB"
        },
        {
            "id": "{bef2d11b-32bf-4538-87f2-7fb0a858f399}",
            "name": "Home40",
            "type": "RGB"
        },
        {
            "id": "{787c44fa-c6ad-47a7-bee4-3f61f0f9c79a}",
            "name": "Thermo15",
            "type": "RGB"
        },
        {
            "id": "{8469f27d-1537-4fae-ba6c-84e07beead43}",
            "name": "Scan40",
            "type": "RGB"
        },
        {
            "id": "{1f1551cd-cd25-4b6e-8015-0bc65da36225}",
            "name": "ScrollKnob10",
            "type": "RGB"
        },
        {
            "id": "{c8a3d3d0-7af2-407e-b9d6-6cdd52a2f502}",
            "name": "ConnectButton_60",
            "type": "RGB"
        },
        {
            "id": "{2db9e556-c5a2-48b3-bf96-e8a730c968de}",
            "name": "Disconnect60",
            "type": "RGB"
        },
        {
            "id": "{a713b500-0105-44f0-851a-88dde547f749}",
            "name": "id60",
            "type": "RGB"
        },
        {
            "id": "{c02c6ccd-90a2-4c1e-a63a-e88f1cb47a26}",
            "name": "Notify200",
            "type": "RGB"
        },
        {
            "id": "{71d4ff49-b253-4f3c-aa31-87d8ec4b654f}",
            "name": "NotifyCancel200",
            "type": "RGB"
        },
        {
            "id": "{9f510374-4141-44d3-bb4b-2478d4f3f328}",
            "name": "NotifyOk_200",
            "type": "RGB"
        },
        {
            "id": "{4ae33339-e175-40f5-80eb-12738b002bed}",
            "name": "DeviceSelect100",
            "type": "RGB"
        },
        {
            "id": "{05fadc11-6b54-4980-bf82-4f4f710568dc}",
            "name": "progress_anim0",
            "type": "RGB"
        },
        {
            "id": "{21b1286d-5d25-4fef-8666-fedd3bd4925b}",
            "name": "progress_anim1",
            "type": "RGB"
        },
        {
            "id": "{7b32196c-91a3-4ce3-9fa4-fe44a6727b7d}",
            "name": "progress_anim2",
            "type": "RGB"
        },
        {
            "id": "{ba1ea877-c5f4-486d-a0bb-f45fb755106f}",
            "name": "progress_anim3",
            "type": "RGB"
        },
        {
            "id": "{d631e5ca-7c53-4780-8bf4-f00a80d3577f}",
            "name": "ColorPickerBlueBack200_565",
            "type": "RGB"
        },
        {
            "id": "{d7b4708a-37fa-4284-929c-c362ec07860b}",
            "name": "DeviceSelect60",
            "type": "RGB"
        },
        {
            "id": "{bfe58a1e-23a0-48d1-8e65-553b03f034cb}",
            "name": "Disconnect40",
            "type": "RGB"
        },
        {
            "id": "{cd82c6e1-7274-43aa-9c21-21d952628c5b}",
            "name": "Slider50",
            "type": "RGB"
        },
        {
            "id": "{793ecd60-5fb3-4a6c-b794-53f69472587e}",
            "name": "DeviceNoSelect60",
            "type": "RGB"
        },
        {
            "id": "{03674e67-8f98-492d-ac64-65847cb6dce5}",
            "name": "Check30",
            "type": "RGB"
        },
        {
            "id": "{f92cf205-00a8-4959-a01c-ea123f39e101}",
            "name": "ColorPickerBlueBack200_888",
            "type": "RGB"
        },
        {
            "id": "{48a62ab5-2e65-4dbf-9c26-67d3f22dc436}",
            "name": "DeviceSelect40Bulb",
            "type": "RGB"
        },
        {
            "id": "{88e708ab-8130-4c85-8fe3-d251f691a5f4}",
            "name": "DeviceNoSelect40",
            "type": "RGB"
        },
        {
            "id": "{2aa432c1-af2a-4729-9b06-3c364ff4d5be}",
            "name": "bulb40",
            "type": "RGB"
        },
        {
            "id": "{8137ba4b-ad19-4994-95a9-249ec4f45774}",
            "name": "ControlButton40",
            "type": "RGB"
        },
        {
            "id": "{102a3cc9-01c4-4e73-97e7-6d867592e85a}",
            "name": "Bulb80",
            "type": "RGB"
        },
        {
            "id": "{a9ad43c7-204a-4391-ab8f-1d1108ddf4ee}",
            "name": "Disconnect20",
            "type": "RGB"
        },
        {
            "id": "{9b688780-68d5-4d39-ae52-f52fd81f462f}",
            "name": "bleTab60",
            "type": "RGB"
        },
        {
            "id": "{bf398184-5e7a-4302-addc-e9e3bcb33052}",
            "name": "bleTabA60",
            "type": "RGB"
        },
        {
            "id": "{3346f1dc-cf06-4435-8bf9-a48b313b40e9}",
            "name": "graphtab60",
            "type": "RGB"
        },
        {
            "id": "{e23bc34d-dd83-410f-b4d8-3fa66888cd3e}",
            "name": "GraphTabA60",
            "type": "RGB"
        },
        {
            "id": "{dc49e470-0f87-4667-9f0a-4d9ab434bea1}",
            "name": "WifiTab60",
            "type": "RGB"
        },
        {
            "id": "{e8836615-a0df-4ce2-bab1-058326388876}",
            "name": "WifiTabA60",
            "type": "RGB"
        },
        {
            "id": "{76210da6-6ffa-44a7-82c4-71980824cfbc}",
            "name": "InfoGraphic",
            "type": "RGB"
        },
        {
            "id": "{d0aa7cb2-ef6b-4c45-a5b7-ee583b9d17c1}",
            "name": "QRCode2",
            "type": "RGB"
        },
        {
            "id": "{51c9f33d-76a7-4216-8267-cec2cb410a94}",
            "name": "BatteryCharger",
            "type": "RGB"
        },
        {
            "id": "{91c0a073-2824-40e1-9f43-b945aebc60f8}",
            "name": "ElectricityMeter",
            "type": "RGB"
        },
        {
            "id": "{8dfa406e-ac3e-482b-b4a1-1024eaa5fe5e}",
            "name": "EnergyStorage",
            "type": "RGB"
        },
        {
            "id": "{20292ef6-5e47-4cdb-985b-bb7a77f3efe5}",
            "name": "EVCharger",
            "type": "RGB"
        },
        {
            "id": "{c2d0a21e-9e18-4c71-a0f4-3c0bcf8eddc0}",
            "name": "G3Tab60",
            "type": "RGB"
        },
        {
            "id": "{3b458380-650a-4729-ba58-2699eefb05af}",
            "name": "Hybrid_IoT_Demo",
            "type": "RGB"
        },
        {
            "id": "{fdb741a9-8d0b-465a-ae72-ed1389616728}",
            "name": "InverterBlue",
            "type": "RGB"
        },
        {
            "id": "{6e09b0e9-f799-43f2-bef7-8875eddf051c}",
            "name": "LiquidDetector",
            "type": "RGB"
        },
        {
            "id": "{ec69317e-5463-4e7d-900c-5f87133947a5}",
            "name": "HeatPump",
            "type": "RGB"
        },
        {
            "id": "{d1475013-cad4-4a25-b490-96ac6a4e31a2}",
            "name": "IndoorLight",
            "type": "RGB"
        },
        {
            "id": "{53b6bdf1-a96b-4760-a7e4-3666ae792e97}",
            "name": "OutdoorLight",
            "type": "RGB"
        },
        {
            "id": "{0e9480e0-4b64-41c8-b1d8-7d80a617c0c4}",
            "name": "LightOff",
            "type": "RGB"
        },
        {
            "id": "{6b623e1a-a946-4b81-8d63-9274a0603ac1}",
            "name": "LightOn",
            "type": "RGB"
        },
        {
            "id": "{a4c42191-4566-4161-8534-053df5d4652a}",
            "name": "NextPage",
            "type": "RGB"
        },
        {
            "id": "{b1c275ac-d60b-448e-878f-ee5f179a63e3}",
            "name": "ConnectIcon",
            "type": "RGB"
        },
        {
            "id": "{36448de7-63a4-40af-81be-ce8a2d04422e}",
            "name": "ConnectIconGreen",
            "type": "RGB"
        },
        {
            "id": "{21be23eb-d675-466d-b5e3-4f37216920af}",
            "name": "ConnectIconRed",
            "type": "RGB"
        },
        {
            "id": "{81c62859-5344-44b9-8e33-c7eb6e4e4ac7}",
            "name": "ConnectIconYellow",
            "type": "RGB"
        },
        {
            "id": "{6dc6e727-8b05-4ef4-805a-4490af5003f0}",
            "name": "CloudGreen",
            "type": "RGB"
        },
        {
            "id": "{04326f50-4e77-4dd1-b783-0e8d13406d68}",
            "name": "CloudRed",
            "type": "RGB"
        },
        {
            "id": "{da51e57a-524b-4b15-83c5-3be23d6f53fc}",
            "name": "WifiRed",
            "type": "RGB"
        },
        {
            "id": "{e8848ca7-f343-498c-aabf-4f5858cb596b}",
            "name": "WifiGreen",
            "type": "RGB"
        },
        {
            "id": "{4b2914f9-4069-4072-91cc-569c7e5bb816}",
            "name": "CloudYellow",
            "type": "RGB"
        },
        {
            "id": "{e317b4c4-d5af-4ea4-b4d3-e52e0d000d7d}",
            "name": "IndoorLightOn",
            "type": "RGB"
        },
        {
            "id": "{84ff06b8-ade6-455b-8e8c-e08fb18b99c7}",
            "name": "OutdoorLightOn",
            "type": "RGB"
        },
        {
            "id": "{6013f73b-1321-4de1-b841-99201f5898fe}",
            "name": "WifiYellow",
            "type": "RGB"
        },
        {
            "id": "{23a5c092-f722-4a05-8888-54a44ac9ece6}",
            "name": "g3Green",
            "type": "RGB"
        },
        {
            "id": "{b7e086de-7ecd-40e4-8120-18feab2d2ace}",
            "name": "g3Red",
            "type": "RGB"
        },
        {
            "id": "{dc8cbe37-a65c-46a1-b22d-32725a3a8252}",
            "name": "AlarmIcon_1",
            "type": "RGB"
        },
        {
            "id": "{c6c277ad-f7ab-4356-bddd-2baa5933200a}",
            "name": "AlarmIcon50",
            "type": "RGB"
        },
        {
            "id": "{d99555a2-3399-4c48-80e6-db03145d7820}",
            "name": "EmergencyButton",
            "type": "RGB"
        },
        {
            "id": "{77ef8ad4-8a6a-4c8a-bc1e-94b2a2468498}",
            "name": "PanelLed",
            "type": "RGB"
        }
    ],
    "paths": [
    ]
}
