{
    "images": [
        {
            "id": "{5586315b-34b9-491f-b764-6f7588af5132}",
            "name": "ConnectButton_100",
            "type": "RGB"
        },
        {
            "id": "{ec89f80a-3e00-4ad8-b1dd-5b60593f2aa6}",
            "name": "ControlButton_100",
            "type": "RGB"
        },
        {
            "id": "{c487bd85-7acd-4328-af6a-0b6c84194432}",
            "name": "MchpLogo_100",
            "type": "RGB"
        },
        {
            "id": "{60bc6483-5a58-4872-9ae7-3cad2b57a1bc}",
            "name": "BulbOff15",
            "type": "RGB"
        },
        {
            "id": "{f2901d0b-2582-45a9-9212-e773e2c82a73}",
            "name": "BulbOn30",
            "type": "RGB"
        },
        {
            "id": "{df827562-3153-4878-88d8-ac45f7fa84c3}",
            "name": "Knob30",
            "type": "RGB"
        },
        {
            "id": "{bef2d11b-32bf-4538-87f2-7fb0a858f399}",
            "name": "Home40",
            "type": "RGB"
        },
        {
            "id": "{787c44fa-c6ad-47a7-bee4-3f61f0f9c79a}",
            "name": "Thermo15",
            "type": "RGB"
        },
        {
            "id": "{8469f27d-1537-4fae-ba6c-84e07beead43}",
            "name": "Scan40",
            "type": "RGB"
        },
        {
            "id": "{1f1551cd-cd25-4b6e-8015-0bc65da36225}",
            "name": "ScrollKnob10",
            "type": "RGB"
        },
        {
            "id": "{c8a3d3d0-7af2-407e-b9d6-6cdd52a2f502}",
            "name": "ConnectButton_60",
            "type": "RGB"
        },
        {
            "id": "{2db9e556-c5a2-48b3-bf96-e8a730c968de}",
            "name": "Disconnect60",
            "type": "RGB"
        },
        {
            "id": "{a713b500-0105-44f0-851a-88dde547f749}",
            "name": "id60",
            "type": "RGB"
        },
        {
            "id": "{c02c6ccd-90a2-4c1e-a63a-e88f1cb47a26}",
            "name": "Notify200",
            "type": "RGB"
        },
        {
            "id": "{71d4ff49-b253-4f3c-aa31-87d8ec4b654f}",
            "name": "NotifyCancel200",
            "type": "RGB"
        },
        {
            "id": "{9f510374-4141-44d3-bb4b-2478d4f3f328}",
            "name": "NotifyOk_200",
            "type": "RGB"
        },
        {
            "id": "{4ae33339-e175-40f5-80eb-12738b002bed}",
            "name": "DeviceSelect100",
            "type": "RGB"
        },
        {
            "id": "{05fadc11-6b54-4980-bf82-4f4f710568dc}",
            "name": "progress_anim0",
            "type": "RGB"
        },
        {
            "id": "{21b1286d-5d25-4fef-8666-fedd3bd4925b}",
            "name": "progress_anim1",
            "type": "RGB"
        },
        {
            "id": "{7b32196c-91a3-4ce3-9fa4-fe44a6727b7d}",
            "name": "progress_anim2",
            "type": "RGB"
        },
        {
            "id": "{ba1ea877-c5f4-486d-a0bb-f45fb755106f}",
            "name": "progress_anim3",
            "type": "RGB"
        },
        {
            "id": "{d631e5ca-7c53-4780-8bf4-f00a80d3577f}",
            "name": "ColorPickerBlueBack200_565",
            "type": "RGB"
        },
        {
            "id": "{d7b4708a-37fa-4284-929c-c362ec07860b}",
            "name": "DeviceSelect60",
            "type": "RGB"
        },
        {
            "id": "{bfe58a1e-23a0-48d1-8e65-553b03f034cb}",
            "name": "Disconnect40",
            "type": "RGB"
        },
        {
            "id": "{cd82c6e1-7274-43aa-9c21-21d952628c5b}",
            "name": "Slider50",
            "type": "RGB"
        },
        {
            "id": "{793ecd60-5fb3-4a6c-b794-53f69472587e}",
            "name": "DeviceNoSelect60",
            "type": "RGB"
        },
        {
            "id": "{03674e67-8f98-492d-ac64-65847cb6dce5}",
            "name": "Check30",
            "type": "RGB"
        },
        {
            "id": "{f92cf205-00a8-4959-a01c-ea123f39e101}",
            "name": "ColorPickerBlueBack200_888",
            "type": "RGB"
        },
        {
            "id": "{48a62ab5-2e65-4dbf-9c26-67d3f22dc436}",
            "name": "DeviceSelect40Bulb",
            "type": "RGB"
        },
        {
            "id": "{88e708ab-8130-4c85-8fe3-d251f691a5f4}",
            "name": "DeviceNoSelect40",
            "type": "RGB"
        },
        {
            "id": "{2aa432c1-af2a-4729-9b06-3c364ff4d5be}",
            "name": "bulb40",
            "type": "RGB"
        },
        {
            "id": "{8137ba4b-ad19-4994-95a9-249ec4f45774}",
            "name": "ControlButton40",
            "type": "RGB"
        },
        {
            "id": "{102a3cc9-01c4-4e73-97e7-6d867592e85a}",
            "name": "Bulb80",
            "type": "RGB"
        },
        {
            "id": "{a9ad43c7-204a-4391-ab8f-1d1108ddf4ee}",
            "name": "Disconnect20",
            "type": "RGB"
        },
        {
            "id": "{9b688780-68d5-4d39-ae52-f52fd81f462f}",
            "name": "bleTab60",
            "type": "RGB"
        },
        {
            "id": "{bf398184-5e7a-4302-addc-e9e3bcb33052}",
            "name": "bleTabA60",
            "type": "RGB"
        },
        {
            "id": "{3346f1dc-cf06-4435-8bf9-a48b313b40e9}",
            "name": "graphtab60",
            "type": "RGB"
        },
        {
            "id": "{e23bc34d-dd83-410f-b4d8-3fa66888cd3e}",
            "name": "GraphTabA60",
            "type": "RGB"
        },
        {
            "id": "{dc49e470-0f87-4667-9f0a-4d9ab434bea1}",
            "name": "WifiTab60",
            "type": "RGB"
        },
        {
            "id": "{e8836615-a0df-4ce2-bab1-058326388876}",
            "name": "WifiTabA60",
            "type": "RGB"
        },
        {
            "id": "{76210da6-6ffa-44a7-82c4-71980824cfbc}",
            "name": "InfoGraphic",
            "type": "RGB"
        },
        {
            "id": "{d0aa7cb2-ef6b-4c45-a5b7-ee583b9d17c1}",
            "name": "QRCode2",
            "type": "RGB"
        }
    ],
    "paths": [
    ]
}
