{
    "\n": {
        "advance": 12,
        "bearingX": 1,
        "bearingY": 14,
        "codePoint": 10,
        "height": 15,
        "width": 10
    },
    " ": {
        "advance": 5,
        "bearingX": 0,
        "bearingY": 0,
        "codePoint": 32,
        "height": 0,
        "width": 0
    },
    "!": {
        "advance": 5,
        "bearingX": 1,
        "bearingY": 14,
        "codePoint": 33,
        "height": 14,
        "width": 4
    },
    "\"": {
        "advance": 9,
        "bearingX": 1,
        "bearingY": 14,
        "codePoint": 34,
        "height": 5,
        "width": 7
    },
    "#": {
        "advance": 13,
        "bearingX": 0,
        "bearingY": 14,
        "codePoint": 35,
        "height": 14,
        "width": 13
    },
    "$": {
        "advance": 11,
        "bearingX": 1,
        "bearingY": 15,
        "codePoint": 36,
        "height": 16,
        "width": 10
    },
    "%": {
        "advance": 17,
        "bearingX": 0,
        "bearingY": 14,
        "codePoint": 37,
        "height": 14,
        "width": 17
    },
    "&": {
        "advance": 15,
        "bearingX": 0,
        "bearingY": 14,
        "codePoint": 38,
        "height": 14,
        "width": 15
    },
    "'": {
        "advance": 5,
        "bearingX": 1,
        "bearingY": 14,
        "codePoint": 39,
        "height": 5,
        "width": 3
    },
    "(": {
        "advance": 6,
        "bearingX": 0,
        "bearingY": 14,
        "codePoint": 40,
        "height": 17,
        "width": 6
    },
    ")": {
        "advance": 6,
        "bearingX": 0,
        "bearingY": 14,
        "codePoint": 41,
        "height": 17,
        "width": 6
    },
    "*": {
        "advance": 11,
        "bearingX": 0,
        "bearingY": 15,
        "codePoint": 42,
        "height": 10,
        "width": 11
    },
    "+": {
        "advance": 11,
        "bearingX": 0,
        "bearingY": 12,
        "codePoint": 43,
        "height": 10,
        "width": 11
    },
    ",": {
        "advance": 5,
        "bearingX": 0,
        "bearingY": 2,
        "codePoint": 44,
        "height": 5,
        "width": 5
    },
    "-": {
        "advance": 6,
        "bearingX": 0,
        "bearingY": 6,
        "codePoint": 45,
        "height": 2,
        "width": 6
    },
    ".": {
        "advance": 5,
        "bearingX": 1,
        "bearingY": 3,
        "codePoint": 46,
        "height": 3,
        "width": 4
    },
    "/": {
        "advance": 8,
        "bearingX": 0,
        "bearingY": 14,
        "codePoint": 47,
        "height": 14,
        "width": 8
    },
    "0": {
        "advance": 11,
        "bearingX": 0,
        "bearingY": 14,
        "codePoint": 48,
        "height": 14,
        "width": 11
    },
    "1": {
        "advance": 11,
        "bearingX": 1,
        "bearingY": 14,
        "codePoint": 49,
        "height": 14,
        "width": 7
    },
    "2": {
        "advance": 11,
        "bearingX": 0,
        "bearingY": 14,
        "codePoint": 50,
        "height": 14,
        "width": 11
    },
    "3": {
        "advance": 11,
        "bearingX": 0,
        "bearingY": 14,
        "codePoint": 51,
        "height": 14,
        "width": 11
    },
    "4": {
        "advance": 11,
        "bearingX": 0,
        "bearingY": 14,
        "codePoint": 52,
        "height": 14,
        "width": 12
    },
    "5": {
        "advance": 11,
        "bearingX": 1,
        "bearingY": 14,
        "codePoint": 53,
        "height": 14,
        "width": 10
    },
    "6": {
        "advance": 11,
        "bearingX": 0,
        "bearingY": 14,
        "codePoint": 54,
        "height": 14,
        "width": 11
    },
    "7": {
        "advance": 11,
        "bearingX": 0,
        "bearingY": 14,
        "codePoint": 55,
        "height": 14,
        "width": 11
    },
    "8": {
        "advance": 11,
        "bearingX": 0,
        "bearingY": 14,
        "codePoint": 56,
        "height": 14,
        "width": 11
    },
    "9": {
        "advance": 11,
        "bearingX": 0,
        "bearingY": 14,
        "codePoint": 57,
        "height": 14,
        "width": 11
    },
    ":": {
        "advance": 5,
        "bearingX": 1,
        "bearingY": 11,
        "codePoint": 58,
        "height": 11,
        "width": 4
    },
    ";": {
        "advance": 5,
        "bearingX": 0,
        "bearingY": 11,
        "codePoint": 59,
        "height": 14,
        "width": 5
    },
    "<": {
        "advance": 11,
        "bearingX": 0,
        "bearingY": 13,
        "codePoint": 60,
        "height": 11,
        "width": 11
    },
    "=": {
        "advance": 11,
        "bearingX": 1,
        "bearingY": 10,
        "codePoint": 61,
        "height": 6,
        "width": 10
    },
    ">": {
        "advance": 11,
        "bearingX": 0,
        "bearingY": 13,
        "codePoint": 62,
        "height": 11,
        "width": 11
    },
    "?": {
        "advance": 9,
        "bearingX": 0,
        "bearingY": 14,
        "codePoint": 63,
        "height": 14,
        "width": 9
    },
    "@": {
        "advance": 18,
        "bearingX": 1,
        "bearingY": 14,
        "codePoint": 64,
        "height": 16,
        "width": 16
    },
    "A": {
        "advance": 13,
        "bearingX": 0,
        "bearingY": 14,
        "codePoint": 65,
        "height": 14,
        "width": 14
    },
    "B": {
        "advance": 13,
        "bearingX": 1,
        "bearingY": 14,
        "codePoint": 66,
        "height": 14,
        "width": 12
    },
    "C": {
        "advance": 13,
        "bearingX": 1,
        "bearingY": 14,
        "codePoint": 67,
        "height": 14,
        "width": 12
    },
    "D": {
        "advance": 15,
        "bearingX": 1,
        "bearingY": 14,
        "codePoint": 68,
        "height": 14,
        "width": 13
    },
    "E": {
        "advance": 11,
        "bearingX": 1,
        "bearingY": 14,
        "codePoint": 69,
        "height": 14,
        "width": 9
    },
    "F": {
        "advance": 11,
        "bearingX": 1,
        "bearingY": 14,
        "codePoint": 70,
        "height": 14,
        "width": 9
    },
    "G": {
        "advance": 15,
        "bearingX": 1,
        "bearingY": 14,
        "codePoint": 71,
        "height": 14,
        "width": 13
    },
    "H": {
        "advance": 15,
        "bearingX": 1,
        "bearingY": 14,
        "codePoint": 72,
        "height": 14,
        "width": 13
    },
    "I": {
        "advance": 7,
        "bearingX": 0,
        "bearingY": 14,
        "codePoint": 73,
        "height": 14,
        "width": 7
    },
    "J": {
        "advance": 6,
        "bearingX": -2,
        "bearingY": 14,
        "codePoint": 74,
        "height": 18,
        "width": 6
    },
    "K": {
        "advance": 13,
        "bearingX": 1,
        "bearingY": 14,
        "codePoint": 75,
        "height": 14,
        "width": 12
    },
    "L": {
        "advance": 11,
        "bearingX": 1,
        "bearingY": 14,
        "codePoint": 76,
        "height": 14,
        "width": 10
    },
    "M": {
        "advance": 18,
        "bearingX": 1,
        "bearingY": 14,
        "codePoint": 77,
        "height": 14,
        "width": 16
    },
    "N": {
        "advance": 16,
        "bearingX": 1,
        "bearingY": 14,
        "codePoint": 78,
        "height": 14,
        "width": 13
    },
    "O": {
        "advance": 16,
        "bearingX": 1,
        "bearingY": 14,
        "codePoint": 79,
        "height": 14,
        "width": 14
    },
    "P": {
        "advance": 12,
        "bearingX": 1,
        "bearingY": 14,
        "codePoint": 80,
        "height": 14,
        "width": 11
    },
    "Q": {
        "advance": 16,
        "bearingX": 1,
        "bearingY": 14,
        "codePoint": 81,
        "height": 17,
        "width": 14
    },
    "R": {
        "advance": 13,
        "bearingX": 1,
        "bearingY": 14,
        "codePoint": 82,
        "height": 14,
        "width": 12
    },
    "S": {
        "advance": 11,
        "bearingX": 1,
        "bearingY": 14,
        "codePoint": 83,
        "height": 14,
        "width": 10
    },
    "T": {
        "advance": 11,
        "bearingX": 0,
        "bearingY": 14,
        "codePoint": 84,
        "height": 14,
        "width": 11
    },
    "U": {
        "advance": 15,
        "bearingX": 1,
        "bearingY": 14,
        "codePoint": 85,
        "height": 14,
        "width": 12
    },
    "V": {
        "advance": 12,
        "bearingX": 0,
        "bearingY": 14,
        "codePoint": 86,
        "height": 14,
        "width": 13
    },
    "W": {
        "advance": 19,
        "bearingX": 0,
        "bearingY": 14,
        "codePoint": 87,
        "height": 14,
        "width": 19
    },
    "X": {
        "advance": 12,
        "bearingX": 0,
        "bearingY": 14,
        "codePoint": 88,
        "height": 14,
        "width": 13
    },
    "Y": {
        "advance": 12,
        "bearingX": 0,
        "bearingY": 14,
        "codePoint": 89,
        "height": 14,
        "width": 12
    },
    "Z": {
        "advance": 11,
        "bearingX": 0,
        "bearingY": 14,
        "codePoint": 90,
        "height": 14,
        "width": 11
    },
    "[": {
        "advance": 7,
        "bearingX": 1,
        "bearingY": 14,
        "codePoint": 91,
        "height": 18,
        "width": 6
    },
    "\\": {
        "advance": 8,
        "bearingX": 0,
        "bearingY": 14,
        "codePoint": 92,
        "height": 14,
        "width": 8
    },
    "]": {
        "advance": 7,
        "bearingX": 0,
        "bearingY": 14,
        "codePoint": 93,
        "height": 18,
        "width": 6
    },
    "^": {
        "advance": 11,
        "bearingX": 0,
        "bearingY": 14,
        "codePoint": 94,
        "height": 9,
        "width": 11
    },
    "_": {
        "advance": 9,
        "bearingX": -1,
        "bearingY": -1,
        "codePoint": 95,
        "height": 2,
        "width": 10
    },
    "`": {
        "advance": 6,
        "bearingX": 0,
        "bearingY": 15,
        "codePoint": 96,
        "height": 3,
        "width": 6
    },
    "a": {
        "advance": 11,
        "bearingX": 0,
        "bearingY": 11,
        "codePoint": 97,
        "height": 11,
        "width": 10
    },
    "b": {
        "advance": 12,
        "bearingX": 1,
        "bearingY": 15,
        "codePoint": 98,
        "height": 15,
        "width": 11
    },
    "c": {
        "advance": 10,
        "bearingX": 1,
        "bearingY": 11,
        "codePoint": 99,
        "height": 11,
        "width": 9
    },
    "d": {
        "advance": 12,
        "bearingX": 1,
        "bearingY": 15,
        "codePoint": 100,
        "height": 15,
        "width": 10
    },
    "e": {
        "advance": 11,
        "bearingX": 1,
        "bearingY": 11,
        "codePoint": 101,
        "height": 11,
        "width": 10
    },
    "f": {
        "advance": 7,
        "bearingX": 0,
        "bearingY": 15,
        "codePoint": 102,
        "height": 15,
        "width": 8
    },
    "g": {
        "advance": 12,
        "bearingX": 1,
        "bearingY": 11,
        "codePoint": 103,
        "height": 16,
        "width": 10
    },
    "h": {
        "advance": 13,
        "bearingX": 1,
        "bearingY": 15,
        "codePoint": 104,
        "height": 15,
        "width": 10
    },
    "i": {
        "advance": 5,
        "bearingX": 1,
        "bearingY": 15,
        "codePoint": 105,
        "height": 15,
        "width": 3
    },
    "j": {
        "advance": 5,
        "bearingX": -2,
        "bearingY": 15,
        "codePoint": 106,
        "height": 20,
        "width": 6
    },
    "k": {
        "advance": 11,
        "bearingX": 1,
        "bearingY": 15,
        "codePoint": 107,
        "height": 15,
        "width": 11
    },
    "l": {
        "advance": 5,
        "bearingX": 1,
        "bearingY": 15,
        "codePoint": 108,
        "height": 15,
        "width": 3
    },
    "m": {
        "advance": 19,
        "bearingX": 1,
        "bearingY": 11,
        "codePoint": 109,
        "height": 11,
        "width": 17
    },
    "n": {
        "advance": 13,
        "bearingX": 1,
        "bearingY": 11,
        "codePoint": 110,
        "height": 11,
        "width": 10
    },
    "o": {
        "advance": 12,
        "bearingX": 1,
        "bearingY": 11,
        "codePoint": 111,
        "height": 11,
        "width": 11
    },
    "p": {
        "advance": 12,
        "bearingX": 1,
        "bearingY": 11,
        "codePoint": 112,
        "height": 16,
        "width": 11
    },
    "q": {
        "advance": 12,
        "bearingX": 1,
        "bearingY": 11,
        "codePoint": 113,
        "height": 16,
        "width": 10
    },
    "r": {
        "advance": 9,
        "bearingX": 1,
        "bearingY": 11,
        "codePoint": 114,
        "height": 11,
        "width": 8
    },
    "s": {
        "advance": 10,
        "bearingX": 0,
        "bearingY": 11,
        "codePoint": 115,
        "height": 11,
        "width": 9
    },
    "t": {
        "advance": 8,
        "bearingX": 0,
        "bearingY": 14,
        "codePoint": 116,
        "height": 14,
        "width": 8
    },
    "u": {
        "advance": 13,
        "bearingX": 1,
        "bearingY": 11,
        "codePoint": 117,
        "height": 11,
        "width": 10
    },
    "v": {
        "advance": 11,
        "bearingX": 0,
        "bearingY": 11,
        "codePoint": 118,
        "height": 11,
        "width": 11
    },
    "w": {
        "advance": 16,
        "bearingX": 0,
        "bearingY": 11,
        "codePoint": 119,
        "height": 11,
        "width": 16
    },
    "x": {
        "advance": 11,
        "bearingX": 0,
        "bearingY": 11,
        "codePoint": 120,
        "height": 11,
        "width": 11
    },
    "y": {
        "advance": 11,
        "bearingX": 0,
        "bearingY": 11,
        "codePoint": 121,
        "height": 16,
        "width": 11
    },
    "z": {
        "advance": 10,
        "bearingX": 0,
        "bearingY": 11,
        "codePoint": 122,
        "height": 11,
        "width": 9
    },
    "{": {
        "advance": 8,
        "bearingX": 0,
        "bearingY": 14,
        "codePoint": 123,
        "height": 18,
        "width": 7
    },
    "|": {
        "advance": 11,
        "bearingX": 4,
        "bearingY": 15,
        "codePoint": 124,
        "height": 20,
        "width": 3
    },
    "}": {
        "advance": 8,
        "bearingX": 0,
        "bearingY": 14,
        "codePoint": 125,
        "height": 18,
        "width": 8
    },
    "~": {
        "advance": 11,
        "bearingX": 0,
        "bearingY": 9,
        "codePoint": 126,
        "height": 3,
        "width": 11
    },
    "": {
        "advance": 12,
        "bearingX": 1,
        "bearingY": 14,
        "codePoint": 127,
        "height": 15,
        "width": 10
    },
    "": {
        "advance": 12,
        "bearingX": 1,
        "bearingY": 14,
        "codePoint": 128,
        "height": 15,
        "width": 10
    },
    "": {
        "advance": 12,
        "bearingX": 1,
        "bearingY": 14,
        "codePoint": 129,
        "height": 15,
        "width": 10
    },
    "": {
        "advance": 12,
        "bearingX": 1,
        "bearingY": 14,
        "codePoint": 130,
        "height": 15,
        "width": 10
    },
    "": {
        "advance": 12,
        "bearingX": 1,
        "bearingY": 14,
        "codePoint": 131,
        "height": 15,
        "width": 10
    },
    "": {
        "advance": 12,
        "bearingX": 1,
        "bearingY": 14,
        "codePoint": 132,
        "height": 15,
        "width": 10
    },
    "": {
        "advance": 12,
        "bearingX": 1,
        "bearingY": 14,
        "codePoint": 133,
        "height": 15,
        "width": 10
    },
    "": {
        "advance": 12,
        "bearingX": 1,
        "bearingY": 14,
        "codePoint": 134,
        "height": 15,
        "width": 10
    },
    "": {
        "advance": 12,
        "bearingX": 1,
        "bearingY": 14,
        "codePoint": 135,
        "height": 15,
        "width": 10
    },
    "": {
        "advance": 12,
        "bearingX": 1,
        "bearingY": 14,
        "codePoint": 136,
        "height": 15,
        "width": 10
    },
    "": {
        "advance": 12,
        "bearingX": 1,
        "bearingY": 14,
        "codePoint": 137,
        "height": 15,
        "width": 10
    },
    "": {
        "advance": 12,
        "bearingX": 1,
        "bearingY": 14,
        "codePoint": 138,
        "height": 15,
        "width": 10
    },
    "": {
        "advance": 12,
        "bearingX": 1,
        "bearingY": 14,
        "codePoint": 139,
        "height": 15,
        "width": 10
    },
    "": {
        "advance": 12,
        "bearingX": 1,
        "bearingY": 14,
        "codePoint": 140,
        "height": 15,
        "width": 10
    },
    "": {
        "advance": 12,
        "bearingX": 1,
        "bearingY": 14,
        "codePoint": 141,
        "height": 15,
        "width": 10
    },
    "": {
        "advance": 12,
        "bearingX": 1,
        "bearingY": 14,
        "codePoint": 142,
        "height": 15,
        "width": 10
    },
    "": {
        "advance": 12,
        "bearingX": 1,
        "bearingY": 14,
        "codePoint": 143,
        "height": 15,
        "width": 10
    },
    "": {
        "advance": 12,
        "bearingX": 1,
        "bearingY": 14,
        "codePoint": 144,
        "height": 15,
        "width": 10
    },
    "": {
        "advance": 12,
        "bearingX": 1,
        "bearingY": 14,
        "codePoint": 145,
        "height": 15,
        "width": 10
    },
    "": {
        "advance": 12,
        "bearingX": 1,
        "bearingY": 14,
        "codePoint": 146,
        "height": 15,
        "width": 10
    },
    "": {
        "advance": 12,
        "bearingX": 1,
        "bearingY": 14,
        "codePoint": 147,
        "height": 15,
        "width": 10
    },
    "": {
        "advance": 12,
        "bearingX": 1,
        "bearingY": 14,
        "codePoint": 148,
        "height": 15,
        "width": 10
    },
    "": {
        "advance": 12,
        "bearingX": 1,
        "bearingY": 14,
        "codePoint": 149,
        "height": 15,
        "width": 10
    },
    "": {
        "advance": 12,
        "bearingX": 1,
        "bearingY": 14,
        "codePoint": 150,
        "height": 15,
        "width": 10
    },
    "": {
        "advance": 12,
        "bearingX": 1,
        "bearingY": 14,
        "codePoint": 151,
        "height": 15,
        "width": 10
    },
    "": {
        "advance": 12,
        "bearingX": 1,
        "bearingY": 14,
        "codePoint": 152,
        "height": 15,
        "width": 10
    },
    "": {
        "advance": 12,
        "bearingX": 1,
        "bearingY": 14,
        "codePoint": 153,
        "height": 15,
        "width": 10
    },
    "": {
        "advance": 12,
        "bearingX": 1,
        "bearingY": 14,
        "codePoint": 154,
        "height": 15,
        "width": 10
    },
    "": {
        "advance": 12,
        "bearingX": 1,
        "bearingY": 14,
        "codePoint": 155,
        "height": 15,
        "width": 10
    },
    "": {
        "advance": 12,
        "bearingX": 1,
        "bearingY": 14,
        "codePoint": 156,
        "height": 15,
        "width": 10
    },
    "": {
        "advance": 12,
        "bearingX": 1,
        "bearingY": 14,
        "codePoint": 157,
        "height": 15,
        "width": 10
    },
    "": {
        "advance": 12,
        "bearingX": 1,
        "bearingY": 14,
        "codePoint": 158,
        "height": 15,
        "width": 10
    },
    "": {
        "advance": 12,
        "bearingX": 1,
        "bearingY": 14,
        "codePoint": 159,
        "height": 15,
        "width": 10
    },
    " ": {
        "advance": 5,
        "bearingX": 0,
        "bearingY": 0,
        "codePoint": 160,
        "height": 0,
        "width": 0
    },
    "¡": {
        "advance": 5,
        "bearingX": 1,
        "bearingY": 11,
        "codePoint": 161,
        "height": 15,
        "width": 4
    },
    "¢": {
        "advance": 11,
        "bearingX": 1,
        "bearingY": 14,
        "codePoint": 162,
        "height": 14,
        "width": 9
    },
    "£": {
        "advance": 11,
        "bearingX": 0,
        "bearingY": 14,
        "codePoint": 163,
        "height": 14,
        "width": 11
    },
    "¤": {
        "advance": 11,
        "bearingX": 1,
        "bearingY": 12,
        "codePoint": 164,
        "height": 10,
        "width": 10
    },
    "¥": {
        "advance": 11,
        "bearingX": 0,
        "bearingY": 14,
        "codePoint": 165,
        "height": 14,
        "width": 12
    },
    "¦": {
        "advance": 11,
        "bearingX": 4,
        "bearingY": 15,
        "codePoint": 166,
        "height": 20,
        "width": 3
    },
    "§": {
        "advance": 10,
        "bearingX": 1,
        "bearingY": 15,
        "codePoint": 167,
        "height": 15,
        "width": 8
    },
    "¨": {
        "advance": 12,
        "bearingX": 2,
        "bearingY": 15,
        "codePoint": 168,
        "height": 2,
        "width": 7
    },
    "©": {
        "advance": 17,
        "bearingX": 0,
        "bearingY": 15,
        "codePoint": 169,
        "height": 15,
        "width": 16
    },
    "ª": {
        "advance": 7,
        "bearingX": 0,
        "bearingY": 14,
        "codePoint": 170,
        "height": 6,
        "width": 7
    },
    "«": {
        "advance": 11,
        "bearingX": 0,
        "bearingY": 10,
        "codePoint": 171,
        "height": 9,
        "width": 11
    },
    "¬": {
        "advance": 11,
        "bearingX": 0,
        "bearingY": 8,
        "codePoint": 172,
        "height": 6,
        "width": 11
    },
    "­": {
        "advance": 6,
        "bearingX": 0,
        "bearingY": 6,
        "codePoint": 173,
        "height": 2,
        "width": 6
    },
    "®": {
        "advance": 17,
        "bearingX": 0,
        "bearingY": 15,
        "codePoint": 174,
        "height": 15,
        "width": 16
    },
    "¯": {
        "advance": 10,
        "bearingX": -1,
        "bearingY": 17,
        "codePoint": 175,
        "height": 2,
        "width": 12
    },
    "°": {
        "advance": 9,
        "bearingX": 1,
        "bearingY": 15,
        "codePoint": 176,
        "height": 7,
        "width": 7
    },
    "±": {
        "advance": 11,
        "bearingX": 0,
        "bearingY": 12,
        "codePoint": 177,
        "height": 12,
        "width": 11
    },
    "²": {
        "advance": 7,
        "bearingX": 0,
        "bearingY": 18,
        "codePoint": 178,
        "height": 10,
        "width": 7
    },
    "³": {
        "advance": 7,
        "bearingX": 0,
        "bearingY": 18,
        "codePoint": 179,
        "height": 11,
        "width": 7
    },
    "´": {
        "advance": 6,
        "bearingX": 0,
        "bearingY": 15,
        "codePoint": 180,
        "height": 3,
        "width": 6
    },
    "µ": {
        "advance": 13,
        "bearingX": 1,
        "bearingY": 11,
        "codePoint": 181,
        "height": 16,
        "width": 11
    },
    "¶": {
        "advance": 13,
        "bearingX": 1,
        "bearingY": 15,
        "codePoint": 182,
        "height": 19,
        "width": 11
    },
    "·": {
        "advance": 5,
        "bearingX": 1,
        "bearingY": 9,
        "codePoint": 183,
        "height": 3,
        "width": 4
    },
    "¸": {
        "advance": 4,
        "bearingX": 0,
        "bearingY": 0,
        "codePoint": 184,
        "height": 6,
        "width": 5
    },
    "¹": {
        "advance": 7,
        "bearingX": 0,
        "bearingY": 17,
        "codePoint": 185,
        "height": 9,
        "width": 6
    },
    "º": {
        "advance": 8,
        "bearingX": 0,
        "bearingY": 14,
        "codePoint": 186,
        "height": 7,
        "width": 7
    },
    "»": {
        "advance": 11,
        "bearingX": 0,
        "bearingY": 10,
        "codePoint": 187,
        "height": 9,
        "width": 10
    },
    "¼": {
        "advance": 15,
        "bearingX": 0,
        "bearingY": 15,
        "codePoint": 188,
        "height": 15,
        "width": 16
    },
    "½": {
        "advance": 16,
        "bearingX": 0,
        "bearingY": 15,
        "codePoint": 189,
        "height": 15,
        "width": 16
    },
    "¾": {
        "advance": 16,
        "bearingX": 0,
        "bearingY": 15,
        "codePoint": 190,
        "height": 15,
        "width": 16
    },
    "¿": {
        "advance": 9,
        "bearingX": 0,
        "bearingY": 11,
        "codePoint": 191,
        "height": 14,
        "width": 9
    },
    "À": {
        "advance": 13,
        "bearingX": 0,
        "bearingY": 19,
        "codePoint": 192,
        "height": 19,
        "width": 14
    },
    "Á": {
        "advance": 13,
        "bearingX": 0,
        "bearingY": 19,
        "codePoint": 193,
        "height": 19,
        "width": 14
    },
    "Â": {
        "advance": 13,
        "bearingX": 0,
        "bearingY": 19,
        "codePoint": 194,
        "height": 19,
        "width": 14
    },
    "Ã": {
        "advance": 13,
        "bearingX": 0,
        "bearingY": 19,
        "codePoint": 195,
        "height": 19,
        "width": 14
    },
    "Ä": {
        "advance": 13,
        "bearingX": 0,
        "bearingY": 19,
        "codePoint": 196,
        "height": 19,
        "width": 14
    },
    "Å": {
        "advance": 13,
        "bearingX": 0,
        "bearingY": 17,
        "codePoint": 197,
        "height": 17,
        "width": 14
    },
    "Æ": {
        "advance": 18,
        "bearingX": -1,
        "bearingY": 14,
        "codePoint": 198,
        "height": 14,
        "width": 18
    },
    "Ç": {
        "advance": 13,
        "bearingX": 1,
        "bearingY": 14,
        "codePoint": 199,
        "height": 20,
        "width": 12
    },
    "È": {
        "advance": 11,
        "bearingX": 1,
        "bearingY": 19,
        "codePoint": 200,
        "height": 19,
        "width": 9
    },
    "É": {
        "advance": 11,
        "bearingX": 1,
        "bearingY": 19,
        "codePoint": 201,
        "height": 19,
        "width": 9
    },
    "Ê": {
        "advance": 11,
        "bearingX": 1,
        "bearingY": 19,
        "codePoint": 202,
        "height": 19,
        "width": 9
    },
    "Ë": {
        "advance": 11,
        "bearingX": 1,
        "bearingY": 19,
        "codePoint": 203,
        "height": 19,
        "width": 9
    },
    "Ì": {
        "advance": 7,
        "bearingX": 0,
        "bearingY": 19,
        "codePoint": 204,
        "height": 19,
        "width": 7
    },
    "Í": {
        "advance": 7,
        "bearingX": 0,
        "bearingY": 19,
        "codePoint": 205,
        "height": 19,
        "width": 7
    },
    "Î": {
        "advance": 7,
        "bearingX": -1,
        "bearingY": 19,
        "codePoint": 206,
        "height": 19,
        "width": 9
    },
    "Ï": {
        "advance": 7,
        "bearingX": 0,
        "bearingY": 19,
        "codePoint": 207,
        "height": 19,
        "width": 7
    },
    "Ð": {
        "advance": 15,
        "bearingX": 0,
        "bearingY": 14,
        "codePoint": 208,
        "height": 14,
        "width": 14
    },
    "Ñ": {
        "advance": 16,
        "bearingX": 1,
        "bearingY": 19,
        "codePoint": 209,
        "height": 19,
        "width": 13
    },
    "Ò": {
        "advance": 16,
        "bearingX": 1,
        "bearingY": 19,
        "codePoint": 210,
        "height": 19,
        "width": 14
    },
    "Ó": {
        "advance": 16,
        "bearingX": 1,
        "bearingY": 19,
        "codePoint": 211,
        "height": 19,
        "width": 14
    },
    "Ô": {
        "advance": 16,
        "bearingX": 1,
        "bearingY": 19,
        "codePoint": 212,
        "height": 19,
        "width": 14
    },
    "Õ": {
        "advance": 16,
        "bearingX": 1,
        "bearingY": 19,
        "codePoint": 213,
        "height": 19,
        "width": 14
    },
    "Ö": {
        "advance": 16,
        "bearingX": 1,
        "bearingY": 19,
        "codePoint": 214,
        "height": 19,
        "width": 14
    },
    "×": {
        "advance": 11,
        "bearingX": 1,
        "bearingY": 12,
        "codePoint": 215,
        "height": 10,
        "width": 10
    },
    "Ø": {
        "advance": 16,
        "bearingX": 1,
        "bearingY": 15,
        "codePoint": 216,
        "height": 16,
        "width": 14
    },
    "Ù": {
        "advance": 15,
        "bearingX": 1,
        "bearingY": 19,
        "codePoint": 217,
        "height": 19,
        "width": 12
    },
    "Ú": {
        "advance": 15,
        "bearingX": 1,
        "bearingY": 19,
        "codePoint": 218,
        "height": 19,
        "width": 12
    },
    "Û": {
        "advance": 15,
        "bearingX": 1,
        "bearingY": 19,
        "codePoint": 219,
        "height": 19,
        "width": 12
    },
    "Ü": {
        "advance": 15,
        "bearingX": 1,
        "bearingY": 19,
        "codePoint": 220,
        "height": 19,
        "width": 12
    },
    "Ý": {
        "advance": 12,
        "bearingX": 0,
        "bearingY": 19,
        "codePoint": 221,
        "height": 19,
        "width": 12
    },
    "Þ": {
        "advance": 12,
        "bearingX": 1,
        "bearingY": 14,
        "codePoint": 222,
        "height": 14,
        "width": 11
    },
    "ß": {
        "advance": 13,
        "bearingX": 1,
        "bearingY": 15,
        "codePoint": 223,
        "height": 15,
        "width": 12
    },
    "à": {
        "advance": 11,
        "bearingX": 0,
        "bearingY": 15,
        "codePoint": 224,
        "height": 15,
        "width": 10
    },
    "á": {
        "advance": 11,
        "bearingX": 0,
        "bearingY": 15,
        "codePoint": 225,
        "height": 15,
        "width": 10
    },
    "â": {
        "advance": 11,
        "bearingX": 0,
        "bearingY": 15,
        "codePoint": 226,
        "height": 15,
        "width": 10
    },
    "ã": {
        "advance": 11,
        "bearingX": 0,
        "bearingY": 15,
        "codePoint": 227,
        "height": 15,
        "width": 10
    },
    "ä": {
        "advance": 11,
        "bearingX": 0,
        "bearingY": 15,
        "codePoint": 228,
        "height": 15,
        "width": 10
    },
    "å": {
        "advance": 11,
        "bearingX": 0,
        "bearingY": 16,
        "codePoint": 229,
        "height": 16,
        "width": 10
    },
    "æ": {
        "advance": 18,
        "bearingX": 0,
        "bearingY": 11,
        "codePoint": 230,
        "height": 11,
        "width": 17
    },
    "ç": {
        "advance": 10,
        "bearingX": 1,
        "bearingY": 11,
        "codePoint": 231,
        "height": 17,
        "width": 9
    },
    "è": {
        "advance": 11,
        "bearingX": 1,
        "bearingY": 15,
        "codePoint": 232,
        "height": 15,
        "width": 10
    },
    "é": {
        "advance": 11,
        "bearingX": 1,
        "bearingY": 15,
        "codePoint": 233,
        "height": 15,
        "width": 10
    },
    "ê": {
        "advance": 11,
        "bearingX": 1,
        "bearingY": 15,
        "codePoint": 234,
        "height": 15,
        "width": 10
    },
    "ë": {
        "advance": 11,
        "bearingX": 1,
        "bearingY": 15,
        "codePoint": 235,
        "height": 15,
        "width": 10
    },
    "ì": {
        "advance": 5,
        "bearingX": -1,
        "bearingY": 15,
        "codePoint": 236,
        "height": 15,
        "width": 6
    },
    "í": {
        "advance": 5,
        "bearingX": 1,
        "bearingY": 15,
        "codePoint": 237,
        "height": 15,
        "width": 5
    },
    "î": {
        "advance": 5,
        "bearingX": -1,
        "bearingY": 15,
        "codePoint": 238,
        "height": 15,
        "width": 8
    },
    "ï": {
        "advance": 5,
        "bearingX": -1,
        "bearingY": 15,
        "codePoint": 239,
        "height": 15,
        "width": 7
    },
    "ð": {
        "advance": 12,
        "bearingX": 1,
        "bearingY": 16,
        "codePoint": 240,
        "height": 16,
        "width": 11
    },
    "ñ": {
        "advance": 13,
        "bearingX": 1,
        "bearingY": 15,
        "codePoint": 241,
        "height": 15,
        "width": 10
    },
    "ò": {
        "advance": 12,
        "bearingX": 1,
        "bearingY": 15,
        "codePoint": 242,
        "height": 15,
        "width": 11
    },
    "ó": {
        "advance": 12,
        "bearingX": 1,
        "bearingY": 15,
        "codePoint": 243,
        "height": 15,
        "width": 11
    },
    "ô": {
        "advance": 12,
        "bearingX": 1,
        "bearingY": 15,
        "codePoint": 244,
        "height": 15,
        "width": 11
    },
    "õ": {
        "advance": 12,
        "bearingX": 1,
        "bearingY": 15,
        "codePoint": 245,
        "height": 15,
        "width": 11
    },
    "ö": {
        "advance": 12,
        "bearingX": 1,
        "bearingY": 15,
        "codePoint": 246,
        "height": 15,
        "width": 11
    },
    "÷": {
        "advance": 11,
        "bearingX": 0,
        "bearingY": 12,
        "codePoint": 247,
        "height": 10,
        "width": 11
    },
    "ø": {
        "advance": 12,
        "bearingX": 1,
        "bearingY": 12,
        "codePoint": 248,
        "height": 13,
        "width": 11
    }
}
